{
    "lettuce": {
        "max": [
            -0.29514239999999997, 
            0.004427500000000001, 
            0.11136669999999999
        ], 
        "deltas": [
            [
                -0.2953531, 
                0.0027057, 
                0.11136669999999999
            ], 
            [
                -0.29596669999999997, 
                0.0027279, 
                0.11109719999999998
            ], 
            [
                -0.295251, 
                0.0029575999999999995, 
                0.1109172
            ], 
            [
                -0.29514239999999997, 
                0.0029268999999999996, 
                0.11136099999999999
            ], 
            [
                -0.29588719999999996, 
                0.004427500000000001, 
                0.1101779
            ], 
            [
                -0.2961292, 
                0.0042676, 
                0.1096856
            ], 
            [
                -0.2952345, 
                0.0027066, 
                0.11093119999999998
            ]
        ], 
        "std_dev": [
            0.00038075191773271217, 
            0.0007046692789195947, 
            0.000583520372307561
        ], 
        "min": [
            -0.2961292, 
            0.0027057, 
            0.1096856
        ], 
        "mean": [
            -0.29556629999999995, 
            0.0032456857142857142, 
            0.11079097142857143
        ]
    }
}